Workbook

Sheet Cadastros
A1: Totalizadores de Cadastros Biométricos por CPF (Acumulado até dd/mm/aaaa hh:mm)
A2: Origem | B2: CPFs com somente Face | C2: CPFs com somente Digitais | D2: CPFs com Face e Digitais | E2: Total de CPFs com biometria
A3: Agência SICDF e Plataforma CAIXA | B3: 111 | C3: 222 | D3: 333 | E3: =SUM(B3:D3) -> 666
A4: Canais Digitais | B4: 123 | C4: 0 | D4: 0 | E4: =SUM(B4:D4) -> 123
A5: TSE | B5: 987 | C5: 654 | D5: 321 | E5: =SUM(B5:D5) -> 1962
A6: Salas de Autoatendimento | B6: 0 | C6: 951 | D6: 0 | E6: =SUM(B6:D6) -> 951
A7: Totais | B7: =SUM(B3:B6) -> 1221 | C7: =SUM(C3:C6) -> 1827 | D7: =SUM(D3:D6) -> 654 | E7: =SUM(E3:E6) -> 3702

Sheet Autenticações
A1: Autenticações Biométricas em dd/mm/aaaa (*) Dados atualizados às hh:mm
A2: Canal | B2: Digitais | D2: Face
B3: Positivas | C3: Negativas | D3: Positivas | E3: Negativas
A4: Salas de Auto Atendimento | B4: 68514 | C4: 5678 | D4: 87956 | E4: 555
A5: Unidades Lotéricas | B5: 86846 | C5: 9101 | D5: 5641 | E5: 456
A6: Canais Digitais | B6: 56646 | C6: 0 | D6: 54654 | E6: 12345
A7: Banco24Horas | B7: 55419 | C7: 1234 | D7: 16514 | E7: 0
A8: Totais | B8: =SUM(B4:B7) -> 267425 | C8: =SUM(C4:C7) -> 16013 | D8: =SUM(D4:D7) -> 164765 | E8: =SUM(E4:E7) -> 13356

Sheet Dashboard
A1: 📊 DASHBOARD - CADASTROS E AUTENTICAÇÕES BIOMÉTRICAS
A2: Atualizado em: 14/04/2026 15:05
A4: 📋 CADASTROS BIOMÉTRICOS - INDICADORES | H4: 🔐 AUTENTICAÇÕES BIOMÉTRICAS - INDICADORES
A6: Total de CPFs | B6: =Cadastros!E7 -> 3702 | H6: Total Autenticações | I6: =Autenticações!C8+Autenticações!E8 -> 29369
A8: CPFs Face+Digital | B8: =Cadastros!D7 -> 654 | C8: CPFs somente Face | D8: =Cadastros!B7 -> 1221 | E8: CPFs somente Digitais | F8: =Cadastros!C7 -> 1827 | H8: Por Digitais | I8: =Autenticações!C8 -> 16013 | J8: Por Face | K8: =Autenticações!E8 -> 13356
A10: 📊 Detalhamento por Origem | H10: 📊 Detalhamento por Canal
A11: Origem | B11: Somente Face | C11: Somente Digitais | D11: Face e Digitais | E11: Total | H11: Canal | I11: Digitais | J11: Face | K11: Total | L11: % do Total
A12: =Cadastros!A3 -> Agência SICDF e Plataforma CAIXA | B12: =Cadastros!B3 -> 111 | C12: =Cadastros!C3 -> 222 | D12: =Cadastros!D3 -> 333 | E12: =Cadastros!E3 -> 666 | H12: =Autenticações!A4 -> Salas de Auto Atendimento | I12: =Autenticações!C4 -> 5678 | J12: =Autenticações!E4 -> 555 | K12: =I12+J12 -> 6233 | L12: =K12/$K$16 -> 0.21223058
A13: =Cadastros!A4 -> Canais Digitais | B13: =Cadastros!B4 -> 123 | C13: =Cadastros!C4 -> 0 | D13: =Cadastros!D4 -> 0 | E13: =Cadastros!E4 -> 123 | H13: =Autenticações!A5 -> Unidades Lotéricas | I13: =Autenticações!C5 -> 9101 | J13: =Autenticações!E5 -> 456 | K13: =I13+J13 -> 9557 | L13: =K13/$K$16 -> 0.32541115
A14: =Cadastros!A5 -> TSE | B14: =Cadastros!B5 -> 987 | C14: =Cadastros!C5 -> 654 | D14: =Cadastros!D5 -> 321 | E14: =Cadastros!E5 -> 1962 | H14: =Autenticações!A6 -> Canais Digitais | I14: =Autenticações!C6 -> 0 | J14: =Autenticações!E6 -> 12345 | K14: =I14+J14 -> 12345 | L14: =K14/$K$16 -> 0.42034118
A15: =Cadastros!A6 -> Salas de Autoatendimento | B15: =Cadastros!B6 -> 0 | C15: =Cadastros!C6 -> 951 | D15: =Cadastros!D6 -> 0 | E15: =Cadastros!E6 -> 951 | H15: =Autenticações!A7 -> Banco24Horas | I15: =Autenticações!C7 -> 1234 | J15: =Autenticações!E7 -> 0 | K15: =I15+J15 -> 1234 | L15: =K15/$K$16 -> 0.042017093
A16: TOTAIS | B16: =SUM(B12:B15) -> 1221 | C16: =SUM(C12:C15) -> 1827 | D16: =SUM(D12:D15) -> 654 | E16: =SUM(E12:E15) -> 3702 | H16: TOTAIS | I16: =SUM(I12:I15) -> 16013 | J16: =SUM(J12:J15) -> 13356 | K16: =SUM(K12:K15) -> 29369 | L16: =SUM(L12:L15) -> 1

Sheet Planilha1

Sheet Planilha2

Sheet Planilha3
